"Year","Item","Head"
1961,"beef and buffalo meat",28755714
1961,"meat indigenous, ass",19452
1961,"meat indigenous, bird nes",7502
1961,"meat indigenous, buffalo",1004696
1961,"meat indigenous, camel",135957
1961,"meat indigenous, cattle",27695830
1961,"meat indigenous, chicken",7531790
1961,"meat indigenous, duck",335924
1961,"meat indigenous, geese",149760
1961,"meat indigenous, goat",1101831
1961,"meat indigenous, horse",551131
1961,"meat indigenous, mule",9469
1961,"meat indigenous, other camelids",26704
1961,"meat indigenous, pig",24760707
1961,"meat indigenous, poultry",8922991
1961,"meat indigenous, rabbit",396115
1961,"meat indigenous, rodents",20690
1961,"meat indigenous, sheep",4960006
1961,"meat indigenous, total",71325556
1961,"meat indigenous, turkey",898015
1961,"meat nes",875179
1961,"meat, ass",19201
1961,"meat, bird nes",10002
1961,"meat, buffalo",1071154
1961,"meat, camel",123306
1961,"meat, cattle",27684560
1961,"meat, chicken",7555908
1961,"meat, duck",335922
1961,"meat, game",844797
1961,"meat, goat",1101886
1961,"meat, goose and guinea fowl",149761
1961,"meat, horse",559570
1961,"meat, mule",9496
1961,"meat, other camelids",26702
1961,"meat, other rodents",20660
1961,"meat, pig",24748623
1961,"meat, poultry",8949668
1961,"meat, rabbit",397062
1961,"meat, sheep",4930306
1961,"meat, total",71362169
1961,"meat, turkey",898076
1961,"sheep and goat meat",6032191
1962,"beef and buffalo meat",30307673
1962,"meat indigenous, ass",22067
1962,"meat indigenous, bird nes",7622
1962,"meat indigenous, buffalo",1034090
1962,"meat indigenous, camel",139777
1962,"meat indigenous, cattle",29143796
1962,"meat indigenous, chicken",7846920
1962,"meat indigenous, duck",346047
1962,"meat indigenous, geese",156708
1962,"meat indigenous, goat",1131035
1962,"meat indigenous, horse",523898
1962,"meat indigenous, mule",11826
1962,"meat indigenous, other camelids",29848
1962,"meat indigenous, pig",26079815
1962,"meat indigenous, poultry",9166542
1962,"meat indigenous, rabbit",394154
1962,"meat indigenous, rodents",20853
1962,"meat indigenous, sheep",5053225
1962,"meat indigenous, total",74527463
1962,"meat indigenous, turkey",809246
1962,"meat nes",938240
1962,"meat, ass",21829
1962,"meat, bird nes",10222
1962,"meat, buffalo",1104344
1962,"meat, camel",126997
1962,"meat, cattle",29203329
1962,"meat, chicken",7884451
1962,"meat, duck",346045
1962,"meat, game",838297
1962,"meat, goat",1127134
1962,"meat, goose and guinea fowl",156708
1962,"meat, horse",537876
1962,"meat, mule",11593
1962,"meat, other camelids",27436
1962,"meat, other rodents",20820
1962,"meat, pig",26055878
1962,"meat, poultry",9205767
1962,"meat, rabbit",395076
1962,"meat, sheep",5039647
1962,"meat, total",74654264
1962,"meat, turkey",808341
1962,"sheep and goat meat",6166781
1963,"beef and buffalo meat",31976185
1963,"meat indigenous, ass",21656
1963,"meat indigenous, bird nes",7593
1963,"meat indigenous, buffalo",1042445
1963,"meat indigenous, camel",156328
1963,"meat indigenous, cattle",30739548
1963,"meat indigenous, chicken",8337377
1963,"meat indigenous, duck",366767
1963,"meat indigenous, geese",157749
1963,"meat indigenous, goat",1131046
1963,"meat indigenous, horse",522442
1963,"meat indigenous, mule",14380
1963,"meat indigenous, other camelids",24330
1963,"meat indigenous, pig",27819596
1963,"meat indigenous, poultry",9711570
1963,"meat indigenous, rabbit",401504
1963,"meat indigenous, rodents",21018
1963,"meat indigenous, sheep",5052205
1963,"meat indigenous, total",78423689
1963,"meat indigenous, turkey",842085
1963,"meat nes",903831
1963,"meat, ass",21377
1963,"meat, bird nes",10293
1963,"meat, buffalo",1120445
1963,"meat, camel",131899
1963,"meat, cattle",30855740
1963,"meat, chicken",8372615
1963,"meat, duck",366765
1963,"meat, game",861792
1963,"meat, goat",1125275
1963,"meat, goose and guinea fowl",157749
1963,"meat, horse",541542
1963,"meat, mule",12062
1963,"meat, other camelids",28595
1963,"meat, other rodents",20985
1963,"meat, pig",28017011
1963,"meat, poultry",9749453
1963,"meat, rabbit",402421
1963,"meat, sheep",5038051
1963,"meat, total",78830480
1963,"meat, turkey",842031
1963,"sheep and goat meat",6163326
1964,"beef and buffalo meat",32437146
1964,"meat indigenous, ass",22948
1964,"meat indigenous, bird nes",7718
1964,"meat indigenous, buffalo",1080788
1964,"meat indigenous, camel",142788
1964,"meat indigenous, cattle",31144060
1964,"meat indigenous, chicken",8631131
1964,"meat indigenous, duck",381958
1964,"meat indigenous, geese",167636
1964,"meat indigenous, goat",1148462
1964,"meat indigenous, horse",543508
1964,"meat indigenous, mule",18305
1964,"meat indigenous, other camelids",27970
1964,"meat indigenous, pig",28684001
1964,"meat indigenous, poultry",10092473
1964,"meat indigenous, rabbit",403438
1964,"meat indigenous, rodents",21068
1964,"meat indigenous, sheep",5031119
1964,"meat indigenous, total",80158822
1964,"meat indigenous, turkey",904029
1964,"meat nes",912869
1964,"meat, ass",22618
1964,"meat, bird nes",10518
1964,"meat, buffalo",1160552
1964,"meat, camel",135504
1964,"meat, cattle",31276594
1964,"meat, chicken",8677496
1964,"meat, duck",381957
1964,"meat, game",885025
1964,"meat, goat",1141659
1964,"meat, goose and guinea fowl",167644
1964,"meat, horse",574611
1964,"meat, mule",12824
1964,"meat, other camelids",30840
1964,"meat, other rodents",21055
1964,"meat, pig",28678415
1964,"meat, poultry",10141507
1964,"meat, rabbit",403875
1964,"meat, sheep",5016465
1964,"meat, total",80414414
1964,"meat, turkey",903893
1964,"sheep and goat meat",6158124
1965,"beef and buffalo meat",33040548
1965,"meat indigenous, ass",25996
1965,"meat indigenous, bird nes",7689
1965,"meat indigenous, buffalo",1099395
1965,"meat indigenous, camel",150542
1965,"meat indigenous, cattle",31775297
1965,"meat indigenous, chicken",9365223
1965,"meat indigenous, duck",402148
1965,"meat indigenous, geese",181527
1965,"meat indigenous, goat",1181381
1965,"meat indigenous, horse",532431
1965,"meat indigenous, mule",17494
1965,"meat indigenous, other camelids",16908
1965,"meat indigenous, pig",31279297
1965,"meat indigenous, poultry",10910644
1965,"meat indigenous, rabbit",408788
1965,"meat indigenous, rodents",21155
1965,"meat indigenous, sheep",5063232
1965,"meat indigenous, total",84265087
1965,"meat indigenous, turkey",954057
1965,"meat nes",884595
1965,"meat, ass",25698
1965,"meat, bird nes",10589
1965,"meat, buffalo",1182078
1965,"meat, camel",143850
1965,"meat, cattle",31858470
1965,"meat, chicken",9414814
1965,"meat, duck",402146
1965,"meat, game",897932
1965,"meat, goat",1172643
1965,"meat, goose and guinea fowl",181527
1965,"meat, horse",553295
1965,"meat, mule",12546
1965,"meat, other camelids",16945
1965,"meat, other rodents",21120
1965,"meat, pig",31285284
1965,"meat, poultry",10962069
1965,"meat, rabbit",409203
1965,"meat, sheep",5039501
1965,"meat, total",84465228
1965,"meat, turkey",952993
1965,"sheep and goat meat",6212144
1966,"beef and buffalo meat",34754098
1966,"meat indigenous, ass",26937
1966,"meat indigenous, bird nes",7543
1966,"meat indigenous, buffalo",1114288
1966,"meat indigenous, camel",169331
1966,"meat indigenous, cattle",33502126
1966,"meat indigenous, chicken",9943187
1966,"meat indigenous, duck",417097
1966,"meat indigenous, geese",187320
1966,"meat indigenous, goat",1211115
1966,"meat indigenous, horse",501815
1966,"meat indigenous, mule",14158
1966,"meat indigenous, other camelids",16805
1966,"meat indigenous, pig",32387234
1966,"meat indigenous, poultry",11626601
1966,"meat indigenous, rabbit",421320
1966,"meat indigenous, rodents",20949
1966,"meat indigenous, sheep",5258813
1966,"meat indigenous, total",88066460
1966,"meat indigenous, turkey",1071454
1966,"meat nes",883600
1966,"meat, ass",26732
1966,"meat, bird nes",10543
1966,"meat, buffalo",1199698
1966,"meat, camel",155409
1966,"meat, cattle",33554401
1966,"meat, chicken",9998587
1966,"meat, duck",417095
1966,"meat, game",911367
1966,"meat, goat",1207492
1966,"meat, goose and guinea fowl",187353
1966,"meat, horse",514619
1966,"meat, mule",10798
1966,"meat, other camelids",16843
1966,"meat, other rodents",20932
1966,"meat, pig",32412805
1966,"meat, poultry",11682834
1966,"meat, rabbit",421680
1966,"meat, sheep",5110365
1966,"meat, total",88129575
1966,"meat, turkey",1069256
1966,"sheep and goat meat",6317857
1967,"beef and buffalo meat",36497312
1967,"meat indigenous, ass",27591
1967,"meat indigenous, bird nes",6593
1967,"meat indigenous, buffalo",1141209
1967,"meat indigenous, camel",170804
1967,"meat indigenous, cattle",35232867
1967,"meat indigenous, chicken",10499199
1967,"meat indigenous, duck",433902
1967,"meat indigenous, geese",200153
1967,"meat indigenous, goat",1228230
1967,"meat indigenous, horse",491290
1967,"meat indigenous, mule",11313
1967,"meat indigenous, other camelids",16358
1967,"meat indigenous, pig",33847027
1967,"meat indigenous, poultry",12320666
1967,"meat indigenous, rabbit",435303
1967,"meat indigenous, rodents",20837
1967,"meat indigenous, sheep",5289210
1967,"meat indigenous, total",92093022
1967,"meat indigenous, turkey",1180818
1967,"meat nes",921146
1967,"meat, ass",27352
1967,"meat, bird nes",9493
1967,"meat, buffalo",1228088
1967,"meat, camel",155643
1967,"meat, cattle",35269224
1967,"meat, chicken",10565237
1967,"meat, duck",433902
1967,"meat, game",939170
1967,"meat, goat",1222564
1967,"meat, goose and guinea fowl",200185
1967,"meat, horse",500671
1967,"meat, mule",11303
1967,"meat, other camelids",16397
1967,"meat, other rodents",20821
1967,"meat, pig",33864987
1967,"meat, poultry",12384333
1967,"meat, rabbit",435737
1967,"meat, sheep",5271257
1967,"meat, total",92268694
1967,"meat, turkey",1175517
1967,"sheep and goat meat",6493821
1968,"beef and buffalo meat",38228120
1968,"meat indigenous, ass",28229
1968,"meat indigenous, bird nes",6620
1968,"meat indigenous, buffalo",1177338
1968,"meat indigenous, camel",169049
1968,"meat indigenous, cattle",36882618
1968,"meat indigenous, chicken",10947273
1968,"meat indigenous, duck",451239
1968,"meat indigenous, geese",215106
1968,"meat indigenous, goat",1249637
1968,"meat indigenous, horse",503433
1968,"meat indigenous, mule",11641
1968,"meat indigenous, other camelids",16929
1968,"meat indigenous, pig",34405489
1968,"meat indigenous, poultry",12700237
1968,"meat indigenous, rabbit",456596
1968,"meat indigenous, rodents",20788
1968,"meat indigenous, sheep",5432897
1968,"meat indigenous, total",94966462
1968,"meat indigenous, turkey",1079999
1968,"meat nes",951719
1968,"meat, ass",27987
1968,"meat, bird nes",9620
1968,"meat, buffalo",1262915
1968,"meat, camel",162614
1968,"meat, cattle",36965205
1968,"meat, chicken",11031843
1968,"meat, duck",451276
1968,"meat, game",959862
1968,"meat, goat",1244382
1968,"meat, goose and guinea fowl",215174
1968,"meat, horse",515098
1968,"meat, mule",10820
1968,"meat, other camelids",16967
1968,"meat, other rodents",20769
1968,"meat, pig",34402875
1968,"meat, poultry",12783155
1968,"meat, rabbit",457018
1968,"meat, sheep",5428243
1968,"meat, total",95209630
1968,"meat, turkey",1075243
1968,"sheep and goat meat",6672625
1969,"beef and buffalo meat",39212224
1969,"meat indigenous, ass",28245
1969,"meat indigenous, bird nes",6597
1969,"meat indigenous, buffalo",1196890
1969,"meat indigenous, camel",167152
1969,"meat indigenous, cattle",37872107
1969,"meat indigenous, chicken",11883361
1969,"meat indigenous, duck",466103
1969,"meat indigenous, geese",210666
1969,"meat indigenous, goat",1280139
1969,"meat indigenous, horse",508328
1969,"meat indigenous, mule",10853
1969,"meat indigenous, other camelids",17816
1969,"meat indigenous, pig",34151071
1969,"meat indigenous, poultry",13672688
1969,"meat indigenous, rabbit",477661
1969,"meat indigenous, rodents",20844
1969,"meat indigenous, sheep",5390709
1969,"meat indigenous, total",96815346
1969,"meat indigenous, turkey",1105961
1969,"meat nes",1031212
1969,"meat, ass",28005
1969,"meat, bird nes",9397
1969,"meat, buffalo",1283146
1969,"meat, camel",159927
1969,"meat, cattle",37929078
1969,"meat, chicken",11942458
1969,"meat, duck",466106
1969,"meat, game",989631
1969,"meat, goat",1275078
1969,"meat, goose and guinea fowl",210749
1969,"meat, horse",528669
1969,"meat, mule",9937
1969,"meat, other camelids",17864
1969,"meat, other rodents",20824
1969,"meat, pig",34122221
1969,"meat, poultry",13732719
1969,"meat, rabbit",477630
1969,"meat, sheep",5375128
1969,"meat, total",96981068
1969,"meat, turkey",1104008
1969,"sheep and goat meat",6650206
1970,"beef and buffalo meat",39662457
1970,"meat indigenous, ass",29024
1970,"meat indigenous, bird nes",6508
1970,"meat indigenous, buffalo",1227720
1970,"meat indigenous, camel",167822
1970,"meat indigenous, cattle",38221217
1970,"meat indigenous, chicken",13066149
1970,"meat indigenous, duck",500875
1970,"meat indigenous, geese",226252
1970,"meat indigenous, goat",1297793
1970,"meat indigenous, horse",523633
1970,"meat indigenous, mule",12066
1970,"meat indigenous, other camelids",18954
1970,"meat indigenous, pig",35825806
1970,"meat indigenous, poultry",15021377
1970,"meat indigenous, rabbit",490702
1970,"meat indigenous, rodents",20852
1970,"meat indigenous, sheep",5553608
1970,"meat indigenous, total",100434369
1970,"meat indigenous, turkey",1221594
1970,"meat nes",1022027
1970,"meat, ass",28780
1970,"meat, bird nes",9408
1970,"meat, buffalo",1313001
1970,"meat, camel",161759
1970,"meat, cattle",38349456
1970,"meat, chicken",13140445
1970,"meat, duck",500841
1970,"meat, game",1001768
1970,"meat, goat",1294486
1970,"meat, goose and guinea fowl",226332
1970,"meat, horse",527493
1970,"meat, mule",10525
1970,"meat, other camelids",19017
1970,"meat, other rodents",20832
1970,"meat, pig",35796842
1970,"meat, poultry",15096052
1970,"meat, rabbit",490649
1970,"meat, sheep",5536456
1970,"meat, total",100669144
1970,"meat, turkey",1219027
1970,"sheep and goat meat",6830942
1971,"beef and buffalo meat",39414287
1971,"meat indigenous, ass",31652
1971,"meat indigenous, bird nes",7516
1971,"meat indigenous, buffalo",1247406
1971,"meat indigenous, camel",173542
1971,"meat indigenous, cattle",37843975
1971,"meat indigenous, chicken",13576724
1971,"meat indigenous, duck",521847
1971,"meat indigenous, geese",247962
1971,"meat indigenous, goat",1333021
1971,"meat indigenous, horse",512113
1971,"meat indigenous, mule",13847
1971,"meat indigenous, other camelids",17533
1971,"meat indigenous, pig",39441593
1971,"meat indigenous, poultry",15664655
1971,"meat indigenous, rabbit",537663
1971,"meat indigenous, rodents",20931
1971,"meat indigenous, sheep",5643503
1971,"meat indigenous, total",104492074
1971,"meat indigenous, turkey",1310606
1971,"meat nes",1007576
1971,"meat, ass",31490
1971,"meat, bird nes",10516
1971,"meat, buffalo",1341044
1971,"meat, camel",163667
1971,"meat, cattle",38073242
1971,"meat, chicken",13650413
1971,"meat, duck",521801
1971,"meat, game",1003065
1971,"meat, goat",1327438
1971,"meat, goose and guinea fowl",248058
1971,"meat, horse",511632
1971,"meat, mule",12384
1971,"meat, other camelids",17581
1971,"meat, other rodents",20920
1971,"meat, pig",39418389
1971,"meat, poultry",15732218
1971,"meat, rabbit",537663
1971,"meat, sheep",5634239
1971,"meat, total",104832550
1971,"meat, turkey",1301430
1971,"sheep and goat meat",6961677
1972,"beef and buffalo meat",39899373
1972,"meat indigenous, ass",32230
1972,"meat indigenous, bird nes",6463
1972,"meat indigenous, buffalo",1264497
1972,"meat indigenous, camel",169724
1972,"meat indigenous, cattle",38333413
1972,"meat indigenous, chicken",14572283
1972,"meat indigenous, duck",529067
1972,"meat indigenous, geese",233959
1972,"meat indigenous, goat",1363829
1972,"meat indigenous, horse",495761
1972,"meat indigenous, mule",14533
1972,"meat indigenous, other camelids",16670
1972,"meat indigenous, pig",40626101
1972,"meat indigenous, poultry",16751277
1972,"meat indigenous, rabbit",571760
1972,"meat indigenous, rodents",20764
1972,"meat indigenous, sheep",5652725
1972,"meat indigenous, total",107384322
1972,"meat indigenous, turkey",1409505
1972,"meat nes",1036496
1972,"meat, ass",31974
1972,"meat, bird nes",9563
1972,"meat, buffalo",1360291
1972,"meat, camel",171304
1972,"meat, cattle",38539081
1972,"meat, chicken",14653581
1972,"meat, duck",530516
1972,"meat, game",1034541
1972,"meat, goat",1357759
1972,"meat, goose and guinea fowl",234266
1972,"meat, horse",505733
1972,"meat, mule",14527
1972,"meat, other camelids",16714
1972,"meat, other rodents",20759
1972,"meat, pig",40624567
1972,"meat, poultry",16833182
1972,"meat, rabbit",571686
1972,"meat, sheep",5660347
1972,"meat, total",107778961
1972,"meat, turkey",1405256
1972,"sheep and goat meat",7018105
1973,"beef and buffalo meat",40260716
1973,"meat indigenous, ass",30079
1973,"meat indigenous, bird nes",5601
1973,"meat indigenous, buffalo",1321056
1973,"meat indigenous, camel",171537
1973,"meat indigenous, cattle",38578982
1973,"meat indigenous, chicken",15229178
1973,"meat indigenous, duck",557920
1973,"meat indigenous, geese",239409
1973,"meat indigenous, goat",1385520
1973,"meat indigenous, horse",497716
1973,"meat indigenous, mule",13761
1973,"meat indigenous, other camelids",16394
1973,"meat indigenous, pig",40468435
1973,"meat indigenous, poultry",17537523
1973,"meat indigenous, rabbit",597736
1973,"meat indigenous, rodents",20901
1973,"meat indigenous, sheep",5415487
1973,"meat indigenous, total",108100685
1973,"meat indigenous, turkey",1505414
1973,"meat nes",1035417
1973,"meat, ass",29946
1973,"meat, bird nes",8502
1973,"meat, buffalo",1421249
1973,"meat, camel",175466
1973,"meat, cattle",38839467
1973,"meat, chicken",15310782
1973,"meat, duck",558946
1973,"meat, game",1010141
1973,"meat, goat",1383816
1973,"meat, goose and guinea fowl",239530
1973,"meat, horse",503022
1973,"meat, mule",13640
1973,"meat, other camelids",16796
1973,"meat, other rodents",20898
1973,"meat, pig",40471811
1973,"meat, poultry",17622088
1973,"meat, rabbit",597025
1973,"meat, sheep",5401305
1973,"meat, total",108542087
1973,"meat, turkey",1504328
1973,"sheep and goat meat",6785120
1974,"beef and buffalo meat",43311973
1974,"meat indigenous, ass",29800
1974,"meat indigenous, bird nes",4932
1974,"meat indigenous, buffalo",1359159
1974,"meat indigenous, camel",186519
1974,"meat indigenous, cattle",41692204
1974,"meat indigenous, chicken",15855503
1974,"meat indigenous, duck",577753
1974,"meat indigenous, geese",238594
1974,"meat indigenous, goat",1432043
1974,"meat indigenous, horse",468268
1974,"meat indigenous, mule",13504
1974,"meat indigenous, other camelids",16820
1974,"meat indigenous, pig",42412383
1974,"meat indigenous, poultry",18227374
1974,"meat indigenous, rabbit",639857
1974,"meat indigenous, rodents",21312
1974,"meat indigenous, sheep",5164242
1974,"meat indigenous, total",113721870
1974,"meat indigenous, turkey",1550592
1974,"meat nes",1026188
1974,"meat, ass",29710
1974,"meat, bird nes",7932
1974,"meat, buffalo",1461588
1974,"meat, camel",190313
1974,"meat, cattle",41850386
1974,"meat, chicken",15927752
1974,"meat, duck",578956
1974,"meat, game",1032198
1974,"meat, goat",1418451
1974,"meat, goose and guinea fowl",238718
1974,"meat, horse",467627
1974,"meat, mule",13452
1974,"meat, other camelids",16862
1974,"meat, other rodents",21308
1974,"meat, pig",42431732
1974,"meat, poultry",18297605
1974,"meat, rabbit",638298
1974,"meat, sheep",5143378
1974,"meat, total",114039095
1974,"meat, turkey",1544247
1974,"sheep and goat meat",6561829
1975,"beef and buffalo meat",45198729
1975,"meat indigenous, ass",29486
1975,"meat indigenous, bird nes",4830
1975,"meat indigenous, buffalo",1357275
1975,"meat indigenous, camel",181959
1975,"meat indigenous, cattle",43757787
1975,"meat indigenous, chicken",16326386
1975,"meat indigenous, duck",568290
1975,"meat indigenous, geese",249433
1975,"meat indigenous, goat",1496901
1975,"meat indigenous, horse",494689
1975,"meat indigenous, mule",13522
1975,"meat indigenous, other camelids",16338
1975,"meat indigenous, pig",41652862
1975,"meat indigenous, poultry",18610485
1975,"meat indigenous, rabbit",667064
1975,"meat indigenous, rodents",21329
1975,"meat indigenous, sheep",5335513
1975,"meat indigenous, total",115693326
1975,"meat indigenous, turkey",1461547
1975,"meat nes",1017160
1975,"meat, ass",29370
1975,"meat, bird nes",7930
1975,"meat, buffalo",1463913
1975,"meat, camel",181158
1975,"meat, cattle",43734816
1975,"meat, chicken",16391227
1975,"meat, duck",570701
1975,"meat, game",1040954
1975,"meat, goat",1484365
1975,"meat, goose and guinea fowl",249514
1975,"meat, horse",498075
1975,"meat, mule",13465
1975,"meat, other camelids",16379
1975,"meat, other rodents",21326
1975,"meat, pig",41671811
1975,"meat, poultry",18674660
1975,"meat, rabbit",665510
1975,"meat, sheep",5307306
1975,"meat, total",115820268
1975,"meat, turkey",1455288
1975,"sheep and goat meat",6791671
1976,"beef and buffalo meat",47582912
1976,"meat indigenous, ass",29981
1976,"meat indigenous, bird nes",4752
1976,"meat indigenous, buffalo",1385389
1976,"meat indigenous, camel",181480
1976,"meat indigenous, cattle",46014567
1976,"meat indigenous, chicken",17416922
1976,"meat indigenous, duck",588280
1976,"meat indigenous, geese",248547
1976,"meat indigenous, goat",1509954
1976,"meat indigenous, horse",529627
1976,"meat indigenous, mule",14118
1976,"meat indigenous, other camelids",16197
1976,"meat indigenous, pig",40748399
1976,"meat indigenous, poultry",19894842
1976,"meat indigenous, rabbit",686803
1976,"meat indigenous, rodents",21344
1976,"meat indigenous, sheep",5340255
1976,"meat indigenous, total",118407236
1976,"meat indigenous, turkey",1636341
1976,"meat nes",988441
1976,"meat, ass",29966
1976,"meat, bird nes",7652
1976,"meat, buffalo",1491582
1976,"meat, camel",181685
1976,"meat, cattle",46091330
1976,"meat, chicken",17549680
1976,"meat, duck",589995
1976,"meat, game",1045839
1976,"meat, goat",1504076
1976,"meat, goose and guinea fowl",248563
1976,"meat, horse",538871
1976,"meat, mule",14069
1976,"meat, other camelids",16234
1976,"meat, other rodents",21341
1976,"meat, pig",40752457
1976,"meat, poultry",20026205
1976,"meat, rabbit",686787
1976,"meat, sheep",5315834
1976,"meat, total",118704716
1976,"meat, turkey",1630315
1976,"sheep and goat meat",6819910
1977,"beef and buffalo meat",47986751
1977,"meat indigenous, ass",28689
1977,"meat indigenous, bird nes",4439
1977,"meat indigenous, buffalo",1393528
1977,"meat indigenous, camel",182788
1977,"meat indigenous, cattle",46342636
1977,"meat indigenous, chicken",18465404
1977,"meat indigenous, duck",614195
1977,"meat indigenous, geese",254671
1977,"meat indigenous, goat",1551252
1977,"meat indigenous, horse",551408
1977,"meat indigenous, mule",13802
1977,"meat indigenous, other camelids",16174
1977,"meat indigenous, pig",42924601
1977,"meat indigenous, poultry",21009054
1977,"meat indigenous, rabbit",707804
1977,"meat indigenous, rodents",21328
1977,"meat indigenous, sheep",5342716
1977,"meat indigenous, total",122132305
1977,"meat indigenous, turkey",1670346
1977,"meat nes",965388
1977,"meat, ass",28690
1977,"meat, bird nes",7839
1977,"meat, buffalo",1500322
1977,"meat, camel",182539
1977,"meat, cattle",46486430
1977,"meat, chicken",18677902
1977,"meat, duck",621924
1977,"meat, game",1081135
1977,"meat, goat",1547770
1977,"meat, goose and guinea fowl",254800
1977,"meat, horse",546767
1977,"meat, mule",13790
1977,"meat, other camelids",15970
1977,"meat, other rodents",21320
1977,"meat, pig",42950133
1977,"meat, poultry",21230557
1977,"meat, rabbit",707210
1977,"meat, sheep",5336575
1977,"meat, total",122614594
1977,"meat, turkey",1668091
1977,"sheep and goat meat",6884345
1978,"beef and buffalo meat",48514097
1978,"meat indigenous, ass",28991
1978,"meat indigenous, bird nes",4583
1978,"meat indigenous, buffalo",1412088
1978,"meat indigenous, camel",173760
1978,"meat indigenous, cattle",46929101
1978,"meat indigenous, chicken",19932194
1978,"meat indigenous, duck",653471
1978,"meat indigenous, geese",271622
1978,"meat indigenous, goat",1635182
1978,"meat indigenous, horse",578562
1978,"meat indigenous, mule",14890
1978,"meat indigenous, other camelids",16215
1978,"meat indigenous, pig",45682811
1978,"meat indigenous, poultry",22599929
1978,"meat indigenous, rabbit",729909
1978,"meat indigenous, rodents",21342
1978,"meat indigenous, sheep",5459130
1978,"meat indigenous, total",127323501
1978,"meat indigenous, turkey",1738059
1978,"meat nes",953125
1978,"meat, ass",28989
1978,"meat, bird nes",7283
1978,"meat, buffalo",1524325
1978,"meat, camel",176716
1978,"meat, cattle",46989773
1978,"meat, chicken",20032972
1978,"meat, duck",661252
1978,"meat, game",1088465
1978,"meat, goat",1628071
1978,"meat, goose and guinea fowl",271402
1978,"meat, horse",557466
1978,"meat, mule",14874
1978,"meat, other camelids",16122
1978,"meat, other rodents",21340
1978,"meat, pig",45643945
1978,"meat, poultry",22704664
1978,"meat, rabbit",737430
1978,"meat, sheep",5416032
1978,"meat, total",127501337
1978,"meat, turkey",1731756
1978,"sheep and goat meat",7044103
1979,"beef and buffalo meat",47357186
1979,"meat indigenous, ass",28266
1979,"meat indigenous, bird nes",4344
1979,"meat indigenous, buffalo",1455855
1979,"meat indigenous, camel",179852
1979,"meat indigenous, cattle",45584451
1979,"meat indigenous, chicken",21570549
1979,"meat indigenous, duck",707997
1979,"meat indigenous, geese",278624
1979,"meat indigenous, goat",1666061
1979,"meat indigenous, horse",538930
1979,"meat indigenous, mule",15204
1979,"meat indigenous, other camelids",16041
1979,"meat indigenous, pig",50029300
1979,"meat indigenous, poultry",24446982
1979,"meat indigenous, rabbit",735894
1979,"meat indigenous, rodents",21353
1979,"meat indigenous, sheep",5421205
1979,"meat indigenous, total",132269142
1979,"meat indigenous, turkey",1885468
1979,"meat nes",1016335
1979,"meat, ass",28265
1979,"meat, bird nes",7144
1979,"meat, buffalo",1572082
1979,"meat, camel",178225
1979,"meat, cattle",45785103
1979,"meat, chicken",21679775
1979,"meat, duck",714188
1979,"meat, game",1113414
1979,"meat, goat",1657902
1979,"meat, goose and guinea fowl",277839
1979,"meat, horse",560263
1979,"meat, mule",15193
1979,"meat, other camelids",16056
1979,"meat, other rodents",21350
1979,"meat, pig",50086460
1979,"meat, poultry",24557696
1979,"meat, rabbit",740730
1979,"meat, sheep",5386272
1979,"meat, total",132735348
1979,"meat, turkey",1878749
1979,"sheep and goat meat",7044175
1980,"beef and buffalo meat",47172698
1980,"meat indigenous, ass",28089
1980,"meat indigenous, bird nes",4628
1980,"meat indigenous, buffalo",1484770
1980,"meat indigenous, camel",187681
1980,"meat indigenous, cattle",45501311
1980,"meat indigenous, chicken",22786668
1980,"meat indigenous, duck",707221
1980,"meat indigenous, geese",282597
1980,"meat indigenous, goat",1707800
1980,"meat indigenous, horse",511874
1980,"meat indigenous, mule",16648
1980,"meat indigenous, other camelids",15309
1980,"meat indigenous, pig",52657665
1980,"meat indigenous, poultry",25839307
1980,"meat indigenous, rabbit",725145
1980,"meat indigenous, rodents",21339
1980,"meat indigenous, sheep",5748072
1980,"meat indigenous, total",136534667
1980,"meat indigenous, turkey",2058192
1980,"meat nes",956310
1980,"meat, ass",28089
1980,"meat, bird nes",7528
1980,"meat, buffalo",1605914
1980,"meat, camel",187772
1980,"meat, cattle",45566785
1980,"meat, chicken",22896829
1980,"meat, duck",713113
1980,"meat, game",1133347
1980,"meat, goat",1694149
1980,"meat, goose and guinea fowl",282487
1980,"meat, horse",515684
1980,"meat, mule",16582
1980,"meat, other camelids",15195
1980,"meat, other rodents",21335
1980,"meat, pig",52676913
1980,"meat, poultry",25947107
1980,"meat, rabbit",725703
1980,"meat, sheep",5647384
1980,"meat, total",136738269
1980,"meat, turkey",2047150
1980,"sheep and goat meat",7341533
1981,"beef and buffalo meat",47634473
1981,"meat indigenous, ass",29199
1981,"meat indigenous, bird nes",5946
1981,"meat indigenous, buffalo",1554417
1981,"meat indigenous, camel",180323
1981,"meat indigenous, cattle",45721724
1981,"meat indigenous, chicken",24159195
1981,"meat indigenous, duck",739609
1981,"meat indigenous, geese",291108
1981,"meat indigenous, goat",1771485
1981,"meat indigenous, horse",501500
1981,"meat indigenous, mule",17394
1981,"meat indigenous, other camelids",15523
1981,"meat indigenous, pig",53060008
1981,"meat indigenous, poultry",27364807
1981,"meat indigenous, rabbit",721439
1981,"meat indigenous, rodents",21351
1981,"meat indigenous, sheep",5947238
1981,"meat indigenous, total",139025261
1981,"meat indigenous, turkey",2168948
1981,"meat nes",960221
1981,"meat, ass",29199
1981,"meat, bird nes",8946
1981,"meat, buffalo",1680284
1981,"meat, camel",179837
1981,"meat, cattle",45954189
1981,"meat, chicken",24312100
1981,"meat, duck",750035
1981,"meat, game",1158633
1981,"meat, goat",1754616
1981,"meat, goose and guinea fowl",290958
1981,"meat, horse",500365
1981,"meat, mule",17318
1981,"meat, other camelids",15434
1981,"meat, other rodents",21350
1981,"meat, pig",52992604
1981,"meat, poultry",27510044
1981,"meat, rabbit",723111
1981,"meat, sheep",5866889
1981,"meat, total",139364094
1981,"meat, turkey",2148004
1981,"sheep and goat meat",7621505
1982,"beef and buffalo meat",47727644
1982,"meat indigenous, ass",30830
1982,"meat indigenous, bird nes",8101
1982,"meat indigenous, buffalo",1684155
1982,"meat indigenous, camel",194914
1982,"meat indigenous, cattle",45801765
1982,"meat indigenous, chicken",25009902
1982,"meat indigenous, duck",776297
1982,"meat indigenous, geese",305370
1982,"meat indigenous, goat",1844088
1982,"meat indigenous, horse",458593
1982,"meat indigenous, mule",17696
1982,"meat indigenous, other camelids",15452
1982,"meat indigenous, pig",53272815
1982,"meat indigenous, poultry",28286552
1982,"meat indigenous, rabbit",727436
1982,"meat indigenous, rodents",21363
1982,"meat indigenous, sheep",5959894
1982,"meat indigenous, total",140411811
1982,"meat indigenous, turkey",2186882
1982,"meat nes",907736
1982,"meat, ass",30831
1982,"meat, bird nes",11201
1982,"meat, buffalo",1812532
1982,"meat, camel",193441
1982,"meat, cattle",45915112
1982,"meat, chicken",25184501
1982,"meat, duck",786844
1982,"meat, game",1188520
1982,"meat, goat",1824270
1982,"meat, goose and guinea fowl",305332
1982,"meat, horse",457825
1982,"meat, mule",17584
1982,"meat, other camelids",15293
1982,"meat, other rodents",21360
1982,"meat, pig",53198527
1982,"meat, poultry",28462848
1982,"meat, rabbit",728269
1982,"meat, sheep",5887957
1982,"meat, total",140662104
1982,"meat, turkey",2174970
1982,"sheep and goat meat",7712227
1983,"beef and buffalo meat",48999507
1983,"meat indigenous, ass",31757
1983,"meat indigenous, bird nes",10315
1983,"meat indigenous, buffalo",1710242
1983,"meat indigenous, camel",200231
1983,"meat indigenous, cattle",47048494
1983,"meat indigenous, chicken",25542976
1983,"meat indigenous, duck",813737
1983,"meat indigenous, geese",321587
1983,"meat indigenous, goat",1931963
1983,"meat indigenous, horse",465728
1983,"meat indigenous, mule",18374
1983,"meat indigenous, other camelids",18409
1983,"meat indigenous, pig",55545314
1983,"meat indigenous, poultry",28981986
1983,"meat indigenous, rabbit",733157
1983,"meat indigenous, rodents",21370
1983,"meat indigenous, sheep",6156482
1983,"meat indigenous, total",145030079
1983,"meat indigenous, turkey",2293371
1983,"meat nes",960030
1983,"meat, ass",31757
1983,"meat, bird nes",13515
1983,"meat, buffalo",1838735
1983,"meat, camel",196215
1983,"meat, cattle",47160772
1983,"meat, chicken",25740904
1983,"meat, duck",823462
1983,"meat, game",1206542
1983,"meat, goat",1912178
1983,"meat, goose and guinea fowl",321381
1983,"meat, horse",454090
1983,"meat, mule",18329
1983,"meat, other camelids",17051
1983,"meat, other rodents",21370
1983,"meat, pig",55479655
1983,"meat, poultry",29200322
1983,"meat, rabbit",735544
1983,"meat, sheep",6081255
1983,"meat, total",145313846
1983,"meat, turkey",2301060
1983,"sheep and goat meat",7993433
1984,"beef and buffalo meat",50395178
1984,"meat indigenous, ass",30679
1984,"meat indigenous, bird nes",11453
1984,"meat indigenous, buffalo",1764377
1984,"meat indigenous, camel",213660
1984,"meat indigenous, cattle",48358710
1984,"meat indigenous, chicken",26038383
1984,"meat indigenous, duck",836341
1984,"meat indigenous, geese",327740
1984,"meat indigenous, goat",1989426
1984,"meat indigenous, horse",482944
1984,"meat indigenous, mule",18894
1984,"meat indigenous, other camelids",14748
1984,"meat indigenous, pig",58424822
1984,"meat indigenous, poultry",29535526
1984,"meat indigenous, rabbit",739634
1984,"meat indigenous, rodents",21380
1984,"meat indigenous, sheep",6176937
1984,"meat indigenous, total",149961061
1984,"meat indigenous, turkey",2321609
1984,"meat nes",978088
1984,"meat, ass",30679
1984,"meat, bird nes",14753
1984,"meat, buffalo",1910284
1984,"meat, camel",210267
1984,"meat, cattle",48484894
1984,"meat, chicken",26268734
1984,"meat, duck",842435
1984,"meat, game",1211235
1984,"meat, goat",1970058
1984,"meat, goose and guinea fowl",327667
1984,"meat, horse",474344
1984,"meat, mule",18878
1984,"meat, other camelids",14171
1984,"meat, other rodents",21380
1984,"meat, pig",57489121
1984,"meat, poultry",29774919
1984,"meat, rabbit",748258
1984,"meat, sheep",6102073
1984,"meat, total",149438648
1984,"meat, turkey",2321329
1984,"sheep and goat meat",8072131
1985,"beef and buffalo meat",51304055
1985,"meat indigenous, ass",30480
1985,"meat indigenous, bird nes",11495
1985,"meat indigenous, buffalo",1854717
1985,"meat indigenous, camel",213609
1985,"meat indigenous, cattle",49153655
1985,"meat indigenous, chicken",27293194
1985,"meat indigenous, duck",869395
1985,"meat indigenous, geese",325174
1985,"meat indigenous, goat",2047556
1985,"meat indigenous, horse",481413
1985,"meat indigenous, mule",20182
1985,"meat indigenous, other camelids",14210
1985,"meat indigenous, pig",60054862
1985,"meat indigenous, poultry",30950233
1985,"meat indigenous, rabbit",752900
1985,"meat indigenous, rodents",21380
1985,"meat indigenous, sheep",6282014
1985,"meat indigenous, total",154129068
1985,"meat indigenous, turkey",2450975
1985,"meat nes",1019460
1985,"meat, ass",30480
1985,"meat, bird nes",14695
1985,"meat, buffalo",1995979
1985,"meat, camel",213943
1985,"meat, cattle",49308076
1985,"meat, chicken",27523787
1985,"meat, duck",877300
1985,"meat, game",1232398
1985,"meat, goat",2028267
1985,"meat, goose and guinea fowl",325118
1985,"meat, horse",484104
1985,"meat, mule",20182
1985,"meat, other camelids",13931
1985,"meat, other rodents",21380
1985,"meat, pig",59967763
1985,"meat, poultry",31181238
1985,"meat, rabbit",755526
1985,"meat, sheep",6220515
1985,"meat, total",154493243
1985,"meat, turkey",2440339
1985,"sheep and goat meat",8248783
1986,"beef and buffalo meat",53086455
1986,"meat indigenous, ass",32456
1986,"meat indigenous, bird nes",11836
1986,"meat indigenous, buffalo",1959791
1986,"meat indigenous, camel",206621
1986,"meat indigenous, cattle",50930574
1986,"meat indigenous, chicken",28938279
1986,"meat indigenous, duck",956442
1986,"meat indigenous, geese",381733
1986,"meat indigenous, goat",2129687
1986,"meat indigenous, horse",483352
1986,"meat indigenous, mule",21417
1986,"meat indigenous, other camelids",13976
1986,"meat indigenous, pig",60837461
1986,"meat indigenous, poultry",32976848
1986,"meat indigenous, rabbit",773367
1986,"meat indigenous, rodents",21490
1986,"meat indigenous, sheep",6271861
1986,"meat indigenous, total",158802420
1986,"meat indigenous, turkey",2688558
1986,"meat nes",892358
1986,"meat, ass",32456
1986,"meat, bird nes",14936
1986,"meat, buffalo",2101747
1986,"meat, camel",206985
1986,"meat, cattle",50984708
1986,"meat, chicken",29292243
1986,"meat, duck",960756
1986,"meat, game",1251160
1986,"meat, goat",2112546
1986,"meat, goose and guinea fowl",368272
1986,"meat, horse",473535
1986,"meat, mule",21413
1986,"meat, other camelids",13805
1986,"meat, other rodents",21490
1986,"meat, pig",60722851
1986,"meat, poultry",33321191
1986,"meat, rabbit",776978
1986,"meat, sheep",6223229
1986,"meat, total",159156452
1986,"meat, turkey",2684984
1986,"sheep and goat meat",8335775
1987,"beef and buffalo meat",53048483
1987,"meat indigenous, ass",32845
1987,"meat indigenous, bird nes",12205
1987,"meat indigenous, buffalo",1967285
1987,"meat indigenous, camel",201283
1987,"meat indigenous, cattle",50854205
1987,"meat indigenous, chicken",31125165
1987,"meat indigenous, duck",1048292
1987,"meat indigenous, geese",418791
1987,"meat indigenous, goat",2310947
1987,"meat indigenous, horse",500925
1987,"meat indigenous, mule",23936
1987,"meat indigenous, other camelids",14000
1987,"meat indigenous, pig",63727269
1987,"meat indigenous, poultry",35625245
1987,"meat indigenous, rabbit",814390
1987,"meat indigenous, rodents",21580
1987,"meat indigenous, sheep",6444100
1987,"meat indigenous, total",164734003
1987,"meat indigenous, turkey",3020792
1987,"meat nes",925935
1987,"meat, ass",32842
1987,"meat, bird nes",15205
1987,"meat, buffalo",2107527
1987,"meat, camel",200289
1987,"meat, cattle",50940956
1987,"meat, chicken",31468679
1987,"meat, duck",1055325
1987,"meat, game",1269558
1987,"meat, goat",2298416
1987,"meat, goose and guinea fowl",408599
1987,"meat, horse",495835
1987,"meat, mule",23937
1987,"meat, other camelids",13933
1987,"meat, other rodents",21580
1987,"meat, pig",63424667
1987,"meat, poultry",35964327
1987,"meat, rabbit",817271
1987,"meat, sheep",6351798
1987,"meat, total",164889372
1987,"meat, turkey",3016520
1987,"sheep and goat meat",8650214
1988,"beef and buffalo meat",53542670
1988,"meat indigenous, ass",34866
1988,"meat indigenous, bird nes",12280
1988,"meat indigenous, buffalo",2062641
1988,"meat indigenous, camel",213130
1988,"meat indigenous, cattle",51242229
1988,"meat indigenous, chicken",32587589
1988,"meat indigenous, duck",1110512
1988,"meat indigenous, geese",535501
1988,"meat indigenous, goat",2409242
1988,"meat indigenous, horse",497576
1988,"meat indigenous, mule",24884
1988,"meat indigenous, other camelids",14619
1988,"meat indigenous, pig",67060870
1988,"meat indigenous, poultry",37404965
1988,"meat indigenous, rabbit",831191
1988,"meat indigenous, rodents",21730
1988,"meat indigenous, sheep",6739624
1988,"meat indigenous, total",170785728
1988,"meat indigenous, turkey",3159082
1988,"meat nes",938564
1988,"meat, ass",34863
1988,"meat, bird nes",15480
1988,"meat, buffalo",2202040
1988,"meat, camel",212440
1988,"meat, cattle",51340629
1988,"meat, chicken",32913138
1988,"meat, duck",1117158
1988,"meat, game",1288896
1988,"meat, goat",2402032
1988,"meat, goose and guinea fowl",525595
1988,"meat, horse",495755
1988,"meat, mule",24885
1988,"meat, other camelids",13900
1988,"meat, other rodents",21730
1988,"meat, pig",66897433
1988,"meat, poultry",37728180
1988,"meat, rabbit",833848
1988,"meat, sheep",6651204
1988,"meat, total",171087100
1988,"meat, turkey",3156810
1988,"sheep and goat meat",9053236
1989,"beef and buffalo meat",53765572
1989,"meat indigenous, ass",36019
1989,"meat indigenous, bird nes",12660
1989,"meat indigenous, buffalo",2059122
1989,"meat indigenous, camel",234716
1989,"meat indigenous, cattle",51508077
1989,"meat indigenous, chicken",33367784
1989,"meat indigenous, duck",1152425
1989,"meat indigenous, geese",555613
1989,"meat indigenous, goat",2548697
1989,"meat indigenous, horse",495992
1989,"meat indigenous, mule",25963
1989,"meat indigenous, other camelids",15181
1989,"meat indigenous, pig",68084574
1989,"meat indigenous, poultry",38471148
1989,"meat indigenous, rabbit",777414
1989,"meat indigenous, rodents",21899
1989,"meat indigenous, sheep",6943667
1989,"meat indigenous, total",173489381
1989,"meat indigenous, turkey",3382665
1989,"meat nes",951737
1989,"meat, ass",35989
1989,"meat, bird nes",15960
1989,"meat, buffalo",2206962
1989,"meat, camel",232488
1989,"meat, cattle",51558609
1989,"meat, chicken",33560015
1989,"meat, duck",1160024
1989,"meat, game",1313375
1989,"meat, goat",2545586
1989,"meat, goose and guinea fowl",547576
1989,"meat, horse",502037
1989,"meat, mule",25966
1989,"meat, other camelids",14112
1989,"meat, other rodents",21900
1989,"meat, pig",67976022
1989,"meat, poultry",38665869
1989,"meat, rabbit",779684
1989,"meat, sheep",6835390
1989,"meat, total",173667526
1989,"meat, turkey",3382293
1989,"sheep and goat meat",9380976
1990,"beef and buffalo meat",55296249
1990,"meat indigenous, ass",36664
1990,"meat indigenous, bird nes",12912
1990,"meat indigenous, buffalo",2263597
1990,"meat indigenous, camel",251653
1990,"meat indigenous, cattle",53150941
1990,"meat indigenous, chicken",35326068
1990,"meat indigenous, duck",1222363
1990,"meat indigenous, geese",616703
1990,"meat indigenous, goat",2655389
1990,"meat indigenous, horse",499307
1990,"meat indigenous, mule",26902
1990,"meat indigenous, other camelids",15182
1990,"meat indigenous, pig",69961242
1990,"meat indigenous, poultry",40888699
1990,"meat indigenous, rabbit",935834
1990,"meat indigenous, rodents",22019
1990,"meat indigenous, sheep",7115626
1990,"meat indigenous, total",179968717
1990,"meat indigenous, turkey",3710655
1990,"meat nes",858876
1990,"meat, ass",36392
1990,"meat, bird nes",16590
1990,"meat, buffalo",2266851
1990,"meat, camel",247936
1990,"meat, cattle",53029398
1990,"meat, chicken",35416215
1990,"meat, duck",1239231
1990,"meat, game",1285786
1990,"meat, goat",2666651
1990,"meat, goose and guinea fowl",607520
1990,"meat, horse",520708
1990,"meat, mule",26902
1990,"meat, other camelids",15170
1990,"meat, other rodents",22020
1990,"meat, pig",69701012
1990,"meat, poultry",40997366
1990,"meat, rabbit",783004
1990,"meat, sheep",7033484
1990,"meat, total",179492556
1990,"meat, turkey",3717810
1990,"sheep and goat meat",9700135
1991,"beef and buffalo meat",55889747
1991,"meat indigenous, ass",37995
1991,"meat indigenous, bird nes",13126
1991,"meat indigenous, buffalo",2333048
1991,"meat indigenous, camel",259605
1991,"meat indigenous, cattle",53769711
1991,"meat indigenous, chicken",37172076
1991,"meat indigenous, duck",1326449
1991,"meat indigenous, geese",773123
1991,"meat indigenous, goat",2749293
1991,"meat indigenous, horse",499547
1991,"meat indigenous, mule",27412
1991,"meat indigenous, other camelids",13944
1991,"meat indigenous, pig",71175560
1991,"meat indigenous, poultry",43108432
1991,"meat indigenous, rabbit",946196
1991,"meat indigenous, rodents",22120
1991,"meat indigenous, sheep",7211333
1991,"meat indigenous, total",184241454
1991,"meat indigenous, turkey",3823658
1991,"meat nes",744373
1991,"meat, ass",37783
1991,"meat, bird nes",17115
1991,"meat, buffalo",2334810
1991,"meat, camel",255576
1991,"meat, cattle",53554937
1991,"meat, chicken",38210226
1991,"meat, duck",1384017
1991,"meat, game",1341333
1991,"meat, goat",2757446
1991,"meat, goose and guinea fowl",757723
1991,"meat, horse",531726
1991,"meat, mule",27415
1991,"meat, other camelids",13938
1991,"meat, other rodents",22120
1991,"meat, pig",71266032
1991,"meat, poultry",43840828
1991,"meat, rabbit",630826
1991,"meat, sheep",7134404
1991,"meat, total",184495098
1991,"meat, turkey",3471747
1991,"sheep and goat meat",9891850
1992,"beef and buffalo meat",55095474
1992,"meat indigenous, ass",171167
1992,"meat indigenous, bird nes",13711
1992,"meat indigenous, buffalo",2395507
1992,"meat indigenous, camel",264374
1992,"meat indigenous, cattle",53008799
1992,"meat indigenous, chicken",38841559
1992,"meat indigenous, duck",1476693
1992,"meat indigenous, geese",865915
1992,"meat indigenous, goat",2861346
1992,"meat indigenous, horse",684068
1992,"meat indigenous, mule",28852
1992,"meat indigenous, other camelids",14278
1992,"meat indigenous, pig",72582896
1992,"meat indigenous, poultry",45235543
1992,"meat indigenous, rabbit",987809
1992,"meat indigenous, rodents",22180
1992,"meat indigenous, sheep",7107516
1992,"meat indigenous, total",187370448
1992,"meat indigenous, turkey",4037665
1992,"meat nes",666793
1992,"meat, ass",170931
1992,"meat, bird nes",17807
1992,"meat, buffalo",2403796
1992,"meat, camel",268064
1992,"meat, cattle",52691678
1992,"meat, chicken",39876030
1992,"meat, duck",1600472
1992,"meat, game",1337521
1992,"meat, goat",2869479
1992,"meat, goose and guinea fowl",862205
1992,"meat, horse",678980
1992,"meat, mule",28849
1992,"meat, other camelids",14291
1992,"meat, other rodents",22180
1992,"meat, pig",73323778
1992,"meat, poultry",46025626
1992,"meat, rabbit",659690
1992,"meat, sheep",7133410
1992,"meat, total",188296866
1992,"meat, turkey",3669111
1992,"sheep and goat meat",10002888
1993,"beef and buffalo meat",54603532
1993,"meat indigenous, ass",169452
1993,"meat indigenous, bird nes",14454
1993,"meat indigenous, buffalo",2503710
1993,"meat indigenous, camel",250606
1993,"meat indigenous, cattle",52505120
1993,"meat indigenous, chicken",41120298
1993,"meat indigenous, duck",1718945
1993,"meat indigenous, geese",988834
1993,"meat indigenous, goat",2963123
1993,"meat indigenous, horse",644386
1993,"meat indigenous, mule",29797
1993,"meat indigenous, other camelids",13430
1993,"meat indigenous, pig",74069539
1993,"meat indigenous, poultry",47942684
1993,"meat indigenous, rabbit",1021966
1993,"meat indigenous, rodents",22180
1993,"meat indigenous, sheep",7132184
1993,"meat indigenous, total",191313446
1993,"meat indigenous, turkey",4100153
1993,"meat nes",638028
1993,"meat, ass",169247
1993,"meat, bird nes",18706
1993,"meat, buffalo",2507575
1993,"meat, camel",260651
1993,"meat, cattle",52095956
1993,"meat, chicken",42430003
1993,"meat, duck",1824259
1993,"meat, game",1401640
1993,"meat, goat",2972639
1993,"meat, goose and guinea fowl",969824
1993,"meat, horse",640039
1993,"meat, mule",29800
1993,"meat, other camelids",13435
1993,"meat, other rodents",22180
1993,"meat, pig",75750763
1993,"meat, poultry",48973672
1993,"meat, rabbit",686523
1993,"meat, sheep",7151928
1993,"meat, total",193319677
1993,"meat, turkey",3730879
1993,"sheep and goat meat",10124567
1994,"beef and buffalo meat",54571303
1994,"meat indigenous, ass",168138
1994,"meat indigenous, bird nes",14370
1994,"meat indigenous, buffalo",2558331
1994,"meat indigenous, camel",263629
1994,"meat indigenous, cattle",52969169
1994,"meat indigenous, chicken",43508539
1994,"meat indigenous, duck",1882755
1994,"meat indigenous, geese",1074693
1994,"meat indigenous, goat",3072246
1994,"meat indigenous, horse",684631
1994,"meat indigenous, mule",46335
1994,"meat indigenous, other camelids",13415
1994,"meat indigenous, pig",76289904
1994,"meat indigenous, poultry",50732981
1994,"meat indigenous, rabbit",1055698
1994,"meat indigenous, rodents",22180
1994,"meat indigenous, sheep",7268309
1994,"meat indigenous, total",197205976
1994,"meat indigenous, turkey",4252624
1994,"meat nes",624231
1994,"meat, ass",168136
1994,"meat, bird nes",18365
1994,"meat, buffalo",2620576
1994,"meat, camel",275775
1994,"meat, cattle",51950727
1994,"meat, chicken",44804864
1994,"meat, duck",1969074
1994,"meat, game",1430178
1994,"meat, goat",3081506
1994,"meat, goose and guinea fowl",1051774
1994,"meat, horse",673207
1994,"meat, mule",46320
1994,"meat, other camelids",13402
1994,"meat, other rodents",22180
1994,"meat, pig",79289791
1994,"meat, poultry",51719700
1994,"meat, rabbit",711144
1994,"meat, sheep",7242281
1994,"meat, total",199875755
1994,"meat, turkey",3875622
1994,"sheep and goat meat",10323788
1995,"beef and buffalo meat",55374837
1995,"meat indigenous, ass",170249
1995,"meat indigenous, bird nes",14848
1995,"meat indigenous, buffalo",2644960
1995,"meat indigenous, camel",273701
1995,"meat indigenous, cattle",53486322
1995,"meat indigenous, chicken",46351994
1995,"meat indigenous, duck",2100645
1995,"meat indigenous, geese",1486050
1995,"meat indigenous, goat",3318653
1995,"meat indigenous, horse",685289
1995,"meat indigenous, mule",51920
1995,"meat indigenous, other camelids",12513
1995,"meat indigenous, pig",77293291
1995,"meat indigenous, poultry",54494000
1995,"meat indigenous, rabbit",1097544
1995,"meat indigenous, rodents",22180
1995,"meat indigenous, sheep",7247909
1995,"meat indigenous, total",203061731
1995,"meat indigenous, turkey",4540463
1995,"meat nes",742077
1995,"meat, ass",168609
1995,"meat, bird nes",19104
1995,"meat, buffalo",2712295
1995,"meat, camel",282374
1995,"meat, cattle",52662543
1995,"meat, chicken",47547147
1995,"meat, duck",2174388
1995,"meat, game",1514021
1995,"meat, goat",3334134
1995,"meat, goose and guinea fowl",1464815
1995,"meat, horse",685216
1995,"meat, mule",51910
1995,"meat, other camelids",12516
1995,"meat, other rodents",22180
1995,"meat, pig",83963063
1995,"meat, poultry",55295722
1995,"meat, rabbit",741860
1995,"meat, sheep",7229340
1995,"meat, total",209424959
1995,"meat, turkey",4090268
1995,"sheep and goat meat",10563474
1996,"beef and buffalo meat",56259712
1996,"meat indigenous, ass",186541
1996,"meat indigenous, bird nes",15987
1996,"meat indigenous, buffalo",2490192
1996,"meat indigenous, camel",299370
1996,"meat indigenous, cattle",54412866
1996,"meat indigenous, chicken",47569132
1996,"meat indigenous, duck",2173390
1996,"meat indigenous, geese",1508271
1996,"meat indigenous, goat",3167848
1996,"meat indigenous, horse",746853
1996,"meat indigenous, mule",62234
1996,"meat indigenous, other camelids",12300
1996,"meat indigenous, pig",77725613
1996,"meat indigenous, poultry",55992506
1996,"meat indigenous, rabbit",1175164
1996,"meat indigenous, rodents",22180
1996,"meat indigenous, sheep",7075335
1996,"meat indigenous, total",205565839
1996,"meat indigenous, turkey",4725726
1996,"meat nes",673016
1996,"meat, ass",180750
1996,"meat, bird nes",20354
1996,"meat, buffalo",2557061
1996,"meat, camel",312634
1996,"meat, cattle",53702651
1996,"meat, chicken",49146734
1996,"meat, duck",2235681
1996,"meat, game",1514822
1996,"meat, goat",3191860
1996,"meat, goose and guinea fowl",1500328
1996,"meat, horse",740585
1996,"meat, mule",62219
1996,"meat, other camelids",12308
1996,"meat, other rodents",22180
1996,"meat, pig",79294017
1996,"meat, poultry",57195245
1996,"meat, rabbit",809576
1996,"meat, sheep",7075901
1996,"meat, total",207353824
1996,"meat, turkey",4292148
1996,"sheep and goat meat",10267761
1997,"beef and buffalo meat",57455189
1997,"meat indigenous, ass",165549
1997,"meat indigenous, bird nes",16757
1997,"meat indigenous, buffalo",2680507
1997,"meat indigenous, camel",307247
1997,"meat indigenous, cattle",54972680
1997,"meat indigenous, chicken",50502707
1997,"meat indigenous, duck",2379798
1997,"meat indigenous, geese",1642537
1997,"meat indigenous, goat",3372174
1997,"meat indigenous, horse",750438
1997,"meat indigenous, mule",59306
1997,"meat indigenous, other camelids",12610
1997,"meat indigenous, pig",78434659
1997,"meat indigenous, poultry",59383794
1997,"meat indigenous, rabbit",1152925
1997,"meat indigenous, rodents",22180
1997,"meat indigenous, sheep",7243651
1997,"meat indigenous, total",210785765
1997,"meat indigenous, turkey",4841996
1997,"meat nes",684755
1997,"meat, ass",160671
1997,"meat, bird nes",21256
1997,"meat, buffalo",2705361
1997,"meat, camel",310665
1997,"meat, cattle",54749829
1997,"meat, chicken",52266358
1997,"meat, duck",2445095
1997,"meat, game",1533591
1997,"meat, goat",3389943
1997,"meat, goose and guinea fowl",1638172
1997,"meat, horse",745508
1997,"meat, mule",59304
1997,"meat, other camelids",12609
1997,"meat, other rodents",22180
1997,"meat, pig",83202001
1997,"meat, poultry",60766656
1997,"meat, rabbit",777052
1997,"meat, sheep",7240874
1997,"meat, total",216370698
1997,"meat, turkey",4395775
1997,"sheep and goat meat",10630817
1998,"beef and buffalo meat",57018627
1998,"meat indigenous, ass",165506
1998,"meat indigenous, bird nes",16503
1998,"meat indigenous, buffalo",2714104
1998,"meat indigenous, camel",333796
1998,"meat indigenous, cattle",54576199
1998,"meat indigenous, chicken",52795152
1998,"meat indigenous, duck",2545356
1998,"meat indigenous, geese",1785913
1998,"meat indigenous, goat",3600631
1998,"meat indigenous, horse",738712
1998,"meat indigenous, mule",74218
1998,"meat indigenous, other camelids",13236
1998,"meat indigenous, pig",83250958
1998,"meat indigenous, poultry",62035043
1998,"meat indigenous, rabbit",1185977
1998,"meat indigenous, rodents",19120
1998,"meat indigenous, sheep",7435015
1998,"meat indigenous, total",218425149
1998,"meat indigenous, turkey",4892119
1998,"meat nes",695450
1998,"meat, ass",160652
1998,"meat, bird nes",21197
1998,"meat, buffalo",2745200
1998,"meat, camel",320683
1998,"meat, cattle",54273427
1998,"meat, chicken",54476894
1998,"meat, duck",2617016
1998,"meat, game",1576085
1998,"meat, goat",3619092
1998,"meat, goose and guinea fowl",1788622
1998,"meat, horse",735516
1998,"meat, mule",74220
1998,"meat, other camelids",13238
1998,"meat, other rodents",19120
1998,"meat, pig",88793964
1998,"meat, poultry",63305372
1998,"meat, rabbit",802694
1998,"meat, sheep",7450429
1998,"meat, total",224596242
1998,"meat, turkey",4401643
1998,"sheep and goat meat",11069521
1999,"beef and buffalo meat",58441366
1999,"meat indigenous, ass",171192
1999,"meat indigenous, bird nes",17174
1999,"meat indigenous, buffalo",2796057
1999,"meat indigenous, camel",318107
1999,"meat indigenous, cattle",55642189
1999,"meat indigenous, chicken",55515636
1999,"meat indigenous, duck",2847517
1999,"meat indigenous, geese",1846866
1999,"meat indigenous, goat",3712200
1999,"meat indigenous, horse",759719
1999,"meat indigenous, mule",59850
1999,"meat indigenous, other camelids",13725
1999,"meat indigenous, pig",84755294
1999,"meat indigenous, poultry",65037460
1999,"meat indigenous, rabbit",1173572
1999,"meat indigenous, rodents",16185
1999,"meat indigenous, sheep",7557209
1999,"meat indigenous, total",224335545
1999,"meat indigenous, turkey",4810268
1999,"meat nes",700153
1999,"meat, ass",166438
1999,"meat, bird nes",42066
1999,"meat, buffalo",2962161
1999,"meat, camel",325753
1999,"meat, cattle",55479205
1999,"meat, chicken",56866260
1999,"meat, duck",2913024
1999,"meat, game",1611933
1999,"meat, goat",3791593
1999,"meat, goose and guinea fowl",1849770
1999,"meat, horse",752778
1999,"meat, mule",59850
1999,"meat, other camelids",13706
1999,"meat, other rodents",16188
1999,"meat, pig",90787504
1999,"meat, poultry",66066913
1999,"meat, rabbit",787920
1999,"meat, sheep",7518717
1999,"meat, total",231051512
1999,"meat, turkey",4395793
1999,"sheep and goat meat",11310310
2000,"beef and buffalo meat",58850260
2000,"meat indigenous, ass",179115
2000,"meat indigenous, bird nes",17604
2000,"meat indigenous, buffalo",2837887
2000,"meat indigenous, camel",342269
2000,"meat indigenous, cattle",56239848
2000,"meat indigenous, chicken",58666290
2000,"meat indigenous, duck",2896020
2000,"meat indigenous, geese",1881693
2000,"meat indigenous, goat",3743091
2000,"meat indigenous, horse",758475
2000,"meat indigenous, mule",66102
2000,"meat indigenous, other camelids",14218
2000,"meat indigenous, pig",86266628
2000,"meat indigenous, poultry",68541484
2000,"meat indigenous, rabbit",1274290
2000,"meat indigenous, rodents",16657
2000,"meat indigenous, sheep",7834515
2000,"meat indigenous, total",230330700
2000,"meat indigenous, turkey",5079877
2000,"meat nes",612930
2000,"meat, ass",171402
2000,"meat, bird nes",42568
2000,"meat, buffalo",3014412
2000,"meat, camel",339481
2000,"meat, cattle",55835848
2000,"meat, chicken",58676400
2000,"meat, duck",2905226
2000,"meat, game",1592470
2000,"meat, goat",3902627
2000,"meat, goose and guinea fowl",1883325
2000,"meat, horse",760141
2000,"meat, mule",58896
2000,"meat, other camelids",14224
2000,"meat, other rodents",16657
2000,"meat, pig",89873292
2000,"meat, poultry",68638943
2000,"meat, rabbit",881271
2000,"meat, sheep",7717572
2000,"meat, total",233440887
2000,"meat, turkey",5131424
2000,"sheep and goat meat",11620199
2001,"beef and buffalo meat",58290302
2001,"meat indigenous, ass",178332
2001,"meat indigenous, bird nes",17738
2001,"meat indigenous, buffalo",2751637
2001,"meat indigenous, camel",368552
2001,"meat indigenous, cattle",55319751
2001,"meat indigenous, chicken",60938445
2001,"meat indigenous, duck",2972981
2001,"meat indigenous, geese",1874487
2001,"meat indigenous, goat",3775014
2001,"meat indigenous, horse",787055
2001,"meat indigenous, mule",67870
2001,"meat indigenous, other camelids",14282
2001,"meat indigenous, pig",86623473
2001,"meat indigenous, poultry",70976322
2001,"meat indigenous, rabbit",1372160
2001,"meat indigenous, rodents",16715
2001,"meat indigenous, sheep",7809625
2001,"meat indigenous, total",232403400
2001,"meat indigenous, turkey",5172671
2001,"meat nes",734353
2001,"meat, ass",173458
2001,"meat, bird nes",44751
2001,"meat, buffalo",2993320
2001,"meat, camel",362330
2001,"meat, cattle",55296982
2001,"meat, chicken",61002259
2001,"meat, duck",3015062
2001,"meat, game",1597639
2001,"meat, goat",3989065
2001,"meat, goose and guinea fowl",1876932
2001,"meat, horse",795968
2001,"meat, mule",58826
2001,"meat, other camelids",14280
2001,"meat, other rodents",16715
2001,"meat, pig",90761759
2001,"meat, poultry",71235843
2001,"meat, rabbit",961707
2001,"meat, sheep",7722231
2001,"meat, total",236725096
2001,"meat, turkey",5296840
2001,"sheep and goat meat",11711295
2002,"beef and buffalo meat",59444488
2002,"meat indigenous, ass",185288
2002,"meat indigenous, bird nes",18099
2002,"meat indigenous, buffalo",2813300
2002,"meat indigenous, camel",358463
2002,"meat indigenous, cattle",56769339
2002,"meat indigenous, chicken",63586395
2002,"meat indigenous, duck",2947395
2002,"meat indigenous, geese",1826197
2002,"meat indigenous, goat",3818279
2002,"meat indigenous, horse",754600
2002,"meat indigenous, mule",66286
2002,"meat indigenous, other camelids",15145
2002,"meat indigenous, pig",89184687
2002,"meat indigenous, poultry",73721682
2002,"meat indigenous, rabbit",1415915
2002,"meat indigenous, rodents",16841
2002,"meat indigenous, sheep",7898120
2002,"meat indigenous, total",239491509
2002,"meat indigenous, turkey",5343595
2002,"meat nes",834756
2002,"meat, ass",180547
2002,"meat, bird nes",47959
2002,"meat, buffalo",3098642
2002,"meat, camel",356751
2002,"meat, cattle",56345846
2002,"meat, chicken",64167650
2002,"meat, duck",2969118
2002,"meat, game",1628187
2002,"meat, goat",4121698
2002,"meat, goose and guinea fowl",1829582
2002,"meat, horse",765256
2002,"meat, mule",59221
2002,"meat, other camelids",15137
2002,"meat, other rodents",16840
2002,"meat, pig",93173505
2002,"meat, poultry",74492723
2002,"meat, rabbit",985821
2002,"meat, sheep",7591929
2002,"meat, total",243677478
2002,"meat, turkey",5478414
2002,"sheep and goat meat",11713628
2003,"beef and buffalo meat",60293480
2003,"meat indigenous, ass",185946
2003,"meat indigenous, bird nes",18718
2003,"meat indigenous, buffalo",2790262
2003,"meat indigenous, camel",361700
2003,"meat indigenous, cattle",57200170
2003,"meat indigenous, chicken",65288637
2003,"meat indigenous, duck",3012797
2003,"meat indigenous, geese",1894973
2003,"meat indigenous, goat",4067642
2003,"meat indigenous, horse",778601
2003,"meat indigenous, mule",66260
2003,"meat indigenous, other camelids",15222
2003,"meat indigenous, pig",92694955
2003,"meat indigenous, poultry",75255784
2003,"meat indigenous, rabbit",1406709
2003,"meat indigenous, rodents",17219
2003,"meat indigenous, sheep",7874010
2003,"meat indigenous, total",245251512
2003,"meat indigenous, turkey",5040659
2003,"meat nes",871827
2003,"meat, ass",184955
2003,"meat, bird nes",51706
2003,"meat, buffalo",3141486
2003,"meat, camel",363706
2003,"meat, cattle",57151994
2003,"meat, chicken",65840525
2003,"meat, duck",3060160
2003,"meat, game",1653556
2003,"meat, goat",4317962
2003,"meat, goose and guinea fowl",1898586
2003,"meat, horse",765320
2003,"meat, mule",58996
2003,"meat, other camelids",15222
2003,"meat, other rodents",17220
2003,"meat, pig",95607978
2003,"meat, poultry",76052096
2003,"meat, rabbit",985745
2003,"meat, sheep",7727950
2003,"meat, total",248927663
2003,"meat, turkey",5201120
2003,"sheep and goat meat",12045912
2004,"beef and buffalo meat",61991947
2004,"meat indigenous, ass",190735
2004,"meat indigenous, bird nes",18870
2004,"meat indigenous, buffalo",2912663
2004,"meat indigenous, camel",372231
2004,"meat indigenous, cattle",57990490
2004,"meat indigenous, chicken",67890074
2004,"meat indigenous, duck",3091842
2004,"meat indigenous, geese",1930129
2004,"meat indigenous, goat",4378420
2004,"meat indigenous, horse",765998
2004,"meat indigenous, mule",64073
2004,"meat indigenous, other camelids",16174
2004,"meat indigenous, pig",93127319
2004,"meat indigenous, poultry",78013544
2004,"meat indigenous, rabbit",1396410
2004,"meat indigenous, rodents",17370
2004,"meat indigenous, sheep",7932000
2004,"meat indigenous, total",249812617
2004,"meat indigenous, turkey",5082629
2004,"meat nes",939822
2004,"meat, ass",190640
2004,"meat, bird nes",59219
2004,"meat, buffalo",3224593
2004,"meat, camel",379439
2004,"meat, cattle",58767355
2004,"meat, chicken",68236370
2004,"meat, duck",3105228
2004,"meat, game",1683719
2004,"meat, goat",4524687
2004,"meat, goose and guinea fowl",1934001
2004,"meat, horse",757511
2004,"meat, mule",59028
2004,"meat, other camelids",16185
2004,"meat, other rodents",17370
2004,"meat, pig",96657436
2004,"meat, poultry",78555015
2004,"meat, rabbit",977527
2004,"meat, sheep",7888131
2004,"meat, total",254650106
2004,"meat, turkey",5220197
2004,"sheep and goat meat",12412818
2005,"beef and buffalo meat",62420785
2005,"meat indigenous, ass",190940
2005,"meat indigenous, bird nes",18868
2005,"meat indigenous, buffalo",2981210
2005,"meat indigenous, camel",336079
2005,"meat indigenous, cattle",59282213
2005,"meat indigenous, chicken",70258554
2005,"meat indigenous, duck",3327722
2005,"meat indigenous, geese",2062855
2005,"meat indigenous, goat",4635425
2005,"meat indigenous, horse",767852
2005,"meat indigenous, mule",60918
2005,"meat indigenous, other camelids",15643
2005,"meat indigenous, pig",95517179
2005,"meat indigenous, poultry",80816671
2005,"meat indigenous, rabbit",1468549
2005,"meat indigenous, rodents",17749
2005,"meat indigenous, sheep",8169408
2005,"meat indigenous, total",256966030
2005,"meat indigenous, turkey",5148672
2005,"meat nes",976791
2005,"meat, ass",191285
2005,"meat, bird nes",58641
2005,"meat, buffalo",3311512
2005,"meat, camel",346769
2005,"meat, cattle",59109274
2005,"meat, chicken",70607592
2005,"meat, duck",3363853
2005,"meat, game",1717753
2005,"meat, goat",4703734
2005,"meat, goose and guinea fowl",2064581
2005,"meat, horse",752370
2005,"meat, mule",60917
2005,"meat, other camelids",18720
2005,"meat, other rodents",17750
2005,"meat, pig",98784115
2005,"meat, poultry",81323150
2005,"meat, rabbit",1021634
2005,"meat, sheep",8124287
2005,"meat, total",260471710
2005,"meat, turkey",5228483
2005,"sheep and goat meat",12828021
2006,"beef and buffalo meat",63881178
2006,"meat indigenous, ass",196055
2006,"meat indigenous, bird nes",19169
2006,"meat indigenous, buffalo",3134354
2006,"meat indigenous, camel",382108
2006,"meat indigenous, cattle",60920339
2006,"meat indigenous, chicken",72352628
2006,"meat indigenous, duck",3404708
2006,"meat indigenous, geese",2059420
2006,"meat indigenous, goat",4573426
2006,"meat indigenous, horse",754915
2006,"meat indigenous, mule",61956
2006,"meat indigenous, other camelids",15816
2006,"meat indigenous, pig",97492614
2006,"meat indigenous, poultry",82977700
2006,"meat indigenous, rabbit",1598924
2006,"meat indigenous, rodents",17749
2006,"meat indigenous, sheep",8381938
2006,"meat indigenous, total",263358315
2006,"meat indigenous, turkey",5141775
2006,"meat nes",1069898
2006,"meat, ass",197311
2006,"meat, bird nes",67350
2006,"meat, buffalo",3515807
2006,"meat, camel",392102
2006,"meat, cattle",60365371
2006,"meat, chicken",72716601
2006,"meat, duck",3420132
2006,"meat, game",1768844
2006,"meat, goat",4735574
2006,"meat, goose and guinea fowl",2054700
2006,"meat, horse",745442
2006,"meat, mule",61959
2006,"meat, other camelids",19839
2006,"meat, other rodents",17750
2006,"meat, pig",100759753
2006,"meat, poultry",83445211
2006,"meat, rabbit",1055021
2006,"meat, sheep",8341628
2006,"meat, total",266503190
2006,"meat, turkey",5186428
2006,"sheep and goat meat",13077202
2007,"beef and buffalo meat",65831135
2007,"meat indigenous, ass",190796
2007,"meat indigenous, bird nes",19600
2007,"meat indigenous, buffalo",3282923
2007,"meat indigenous, camel",438382
2007,"meat indigenous, cattle",62063389
2007,"meat indigenous, chicken",76357483
2007,"meat indigenous, duck",3608383
2007,"meat indigenous, geese",2244010
2007,"meat indigenous, goat",4727977
2007,"meat indigenous, horse",732389
2007,"meat indigenous, mule",58733
2007,"meat indigenous, other camelids",16428
2007,"meat indigenous, pig",100280476
2007,"meat indigenous, poultry",87620700
2007,"meat indigenous, rabbit",1862809
2007,"meat indigenous, rodents",17875
2007,"meat indigenous, sheep",8598188
2007,"meat indigenous, total",272807531
2007,"meat indigenous, turkey",5391223
2007,"meat nes",1100424
2007,"meat, ass",192088
2007,"meat, bird nes",73631
2007,"meat, buffalo",3648121
2007,"meat, camel",448018
2007,"meat, cattle",62183015
2007,"meat, chicken",77030230
2007,"meat, duck",3648929
2007,"meat, game",1804262
2007,"meat, goat",4919651
2007,"meat, goose and guinea fowl",2246084
2007,"meat, horse",718150
2007,"meat, mule",58696
2007,"meat, other camelids",22293
2007,"meat, other rodents",17875
2007,"meat, pig",99363744
2007,"meat, poultry",88461833
2007,"meat, rabbit",1130464
2007,"meat, sheep",8664775
2007,"meat, total",272745189
2007,"meat, turkey",5462960
2007,"sheep and goat meat",13584426
2008,"beef and buffalo meat",65940010
2008,"meat indigenous, ass",190390
2008,"meat indigenous, bird nes",19790
2008,"meat indigenous, buffalo",3352432
2008,"meat indigenous, camel",495546
2008,"meat indigenous, cattle",62250070
2008,"meat indigenous, chicken",80713577
2008,"meat indigenous, duck",3800584
2008,"meat indigenous, geese",2275622
2008,"meat indigenous, goat",4880491
2008,"meat indigenous, horse",744244
2008,"meat indigenous, mule",55038
2008,"meat indigenous, other camelids",17464
2008,"meat indigenous, pig",103040505
2008,"meat indigenous, poultry",92436679
2008,"meat indigenous, rabbit",1549656
2008,"meat indigenous, rodents",18254
2008,"meat indigenous, sheep",8470742
2008,"meat indigenous, total",280681700
2008,"meat indigenous, turkey",5627106
2008,"meat nes",1307426
2008,"meat, ass",191979
2008,"meat, bird nes",24952
2008,"meat, buffalo",3676665
2008,"meat, camel",493229
2008,"meat, cattle",62263344
2008,"meat, chicken",80839889
2008,"meat, duck",3832971
2008,"meat, game",1860984
2008,"meat, goat",5006768
2008,"meat, goose and guinea fowl",2276037
2008,"meat, horse",723428
2008,"meat, mule",54995
2008,"meat, other camelids",23919
2008,"meat, other rodents",18254
2008,"meat, pig",103563936
2008,"meat, poultry",92681822
2008,"meat, rabbit",1108396
2008,"meat, sheep",8588012
2008,"meat, total",281574938
2008,"meat, turkey",5707974
2008,"sheep and goat meat",13594780
2009,"beef and buffalo meat",66313389
2009,"meat indigenous, ass",201298
2009,"meat indigenous, bird nes",19841
2009,"meat indigenous, buffalo",3440796
2009,"meat indigenous, camel",467667
2009,"meat indigenous, cattle",62354479
2009,"meat indigenous, chicken",83425684
2009,"meat indigenous, duck",3903224
2009,"meat indigenous, geese",2362577
2009,"meat indigenous, goat",4997666
2009,"meat indigenous, horse",745351
2009,"meat indigenous, mule",57390
2009,"meat indigenous, other camelids",17554
2009,"meat indigenous, pig",104706835
2009,"meat indigenous, poultry",95105449
2009,"meat indigenous, rabbit",1607482
2009,"meat indigenous, rodents",18456
2009,"meat indigenous, sheep",8345907
2009,"meat indigenous, total",285340841
2009,"meat indigenous, turkey",5394123
2009,"meat nes",1367264
2009,"meat, ass",203037
2009,"meat, bird nes",24679
2009,"meat, buffalo",3742603
2009,"meat, camel",475692
2009,"meat, cattle",62570786
2009,"meat, chicken",83030541
2009,"meat, duck",3943042
2009,"meat, game",1890567
2009,"meat, goat",5129865
2009,"meat, goose and guinea fowl",2362593
2009,"meat, horse",725197
2009,"meat, mule",57390
2009,"meat, other camelids",24543
2009,"meat, other rodents",18456
2009,"meat, pig",106148192
2009,"meat, poultry",94750296
2009,"meat, rabbit",1159688
2009,"meat, sheep",8565206
2009,"meat, total",286845462
2009,"meat, turkey",5389440
2009,"sheep and goat meat",13695071
2010,"beef and buffalo meat",66553535
2010,"meat indigenous, ass",202808
2010,"meat indigenous, bird nes",20014
2010,"meat indigenous, buffalo",3556672
2010,"meat indigenous, camel",524328
2010,"meat indigenous, cattle",63075060
2010,"meat indigenous, chicken",87391540
2010,"meat indigenous, duck",4031386
2010,"meat indigenous, geese",2438959
2010,"meat indigenous, goat",5139334
2010,"meat indigenous, horse",742695
2010,"meat indigenous, mule",54812
2010,"meat indigenous, other camelids",17560
2010,"meat indigenous, pig",107436186
2010,"meat indigenous, poultry",99344916
2010,"meat indigenous, rabbit",1684729
2010,"meat indigenous, rodents",18506
2010,"meat indigenous, sheep",8223561
2010,"meat indigenous, total",293375221
2010,"meat indigenous, turkey",5463018
2010,"meat nes",1442020
2010,"meat, ass",204547
2010,"meat, bird nes",24885
2010,"meat, buffalo",3899147
2010,"meat, camel",505853
2010,"meat, cattle",62654388
2010,"meat, chicken",87231600
2010,"meat, duck",4081960
2010,"meat, game",1895440
2010,"meat, goat",5206939
2010,"meat, goose and guinea fowl",2439372
2010,"meat, horse",719158
2010,"meat, mule",54800
2010,"meat, other camelids",24017
2010,"meat, other rodents",18506
2010,"meat, pig",108972569
2010,"meat, poultry",99296537
2010,"meat, rabbit",1224664
2010,"meat, sheep",8484009
2010,"meat, total",294619190
2010,"meat, turkey",5518719
2010,"sheep and goat meat",13690948
2011,"beef and buffalo meat",66292175
2011,"meat indigenous, ass",211697
2011,"meat indigenous, bird nes",19911
2011,"meat indigenous, buffalo",3586028
2011,"meat indigenous, camel",519179
2011,"meat indigenous, cattle",62758177
2011,"meat indigenous, chicken",90594135
2011,"meat indigenous, duck",4183474
2011,"meat indigenous, geese",2520169
2011,"meat indigenous, goat",5167936
2011,"meat indigenous, horse",757787
2011,"meat indigenous, mule",52999
2011,"meat indigenous, other camelids",18758
2011,"meat indigenous, pig",107397247
2011,"meat indigenous, poultry",102846961
2011,"meat indigenous, rabbit",1752395
2011,"meat indigenous, rodents",18506
2011,"meat indigenous, sheep",8306865
2011,"meat indigenous, total",296862314
2011,"meat indigenous, turkey",5529270
2011,"meat nes",1492005
2011,"meat, ass",212857
2011,"meat, bird nes",24883
2011,"meat, buffalo",3918117
2011,"meat, camel",510210
2011,"meat, cattle",62374058
2011,"meat, chicken",90900641
2011,"meat, duck",4227252
2011,"meat, game",1959150
2011,"meat, goat",5178467
2011,"meat, goose and guinea fowl",2520982
2011,"meat, horse",733947
2011,"meat, mule",53000
2011,"meat, other camelids",27752
2011,"meat, other rodents",18506
2011,"meat, pig",109623889
2011,"meat, poultry",103287346
2011,"meat, rabbit",1292598
2011,"meat, sheep",8575130
2011,"meat, total",299273657
2011,"meat, turkey",5613588
2011,"sheep and goat meat",13753596
2012,"beef and buffalo meat",66888242
2012,"meat indigenous, ass",211865
2012,"meat indigenous, bird nes",19809
2012,"meat indigenous, buffalo",3824186
2012,"meat indigenous, camel",389185
2012,"meat indigenous, cattle",61915906
2012,"meat indigenous, chicken",93264229
2012,"meat indigenous, duck",4333604
2012,"meat indigenous, geese",2669586
2012,"meat indigenous, goat",5140935
2012,"meat indigenous, horse",782528
2012,"meat indigenous, mule",52699
2012,"meat indigenous, other camelids",19474
2012,"meat indigenous, pig",110620301
2012,"meat indigenous, poultry",105969685
2012,"meat indigenous, rabbit",1785146
2012,"meat indigenous, rodents",18600
2012,"meat indigenous, sheep",8032307
2012,"meat indigenous, total",302216664
2012,"meat indigenous, turkey",5682457
2012,"meat nes",1461343
2012,"meat, ass",212306
2012,"meat, bird nes",21338
2012,"meat, buffalo",3949320
2012,"meat, camel",513936
2012,"meat, cattle",62938922
2012,"meat, chicken",94109691
2012,"meat, duck",4361555
2012,"meat, game",1975818
2012,"meat, goat",5272170
2012,"meat, goose and guinea fowl",2667059
2012,"meat, horse",745322
2012,"meat, mule",52700
2012,"meat, other camelids",28686
2012,"meat, other rodents",18600
2012,"meat, pig",113126600
2012,"meat, poultry",106998645
2012,"meat, rabbit",1295871
2012,"meat, sheep",8680443
2012,"meat, total",307287366
2012,"meat, turkey",5839002
2012,"sheep and goat meat",13952613
2013,"beef and buffalo meat",67952557
2013,"meat indigenous, ass",211842
2013,"meat indigenous, bird nes",19809
2013,"meat indigenous, buffalo",3715622
2013,"meat indigenous, camel",389688
2013,"meat indigenous, cattle",63017724
2013,"meat indigenous, chicken",96293358
2013,"meat indigenous, duck",4367273
2013,"meat indigenous, geese",2698322
2013,"meat indigenous, goat",5211336
2013,"meat indigenous, horse",785185
2013,"meat indigenous, mule",52699
2013,"meat indigenous, other camelids",19480
2013,"meat indigenous, pig",112333009
2013,"meat indigenous, poultry",108975689
2013,"meat indigenous, rabbit",1739780
2013,"meat indigenous, rodents",18600
2013,"meat indigenous, sheep",8213621
2013,"meat indigenous, total",308198811
2013,"meat indigenous, turkey",5596927
2013,"meat nes",1510565
2013,"meat, ass",210574
2013,"meat, bird nes",22329
2013,"meat, buffalo",3983724
2013,"meat, camel",531600
2013,"meat, cattle",63968833
2013,"meat, chicken",97634277
2013,"meat, duck",4425976
2013,"meat, game",1986745
2013,"meat, goat",5396561
2013,"meat, goose and guinea fowl",2703418
2013,"meat, horse",717028
2013,"meat, mule",48570
2013,"meat, other camelids",29000
2013,"meat, other rodents",18600
2013,"meat, pig",115104163
2013,"meat, poultry",110438697
2013,"meat, rabbit",1339632
2013,"meat, sheep",8923286
2013,"meat, total",314224806
2013,"meat, turkey",5652697
2013,"sheep and goat meat",14319846
2014,"beef and buffalo meat",68473337
2014,"meat indigenous, ass",0
2014,"meat indigenous, bird nes",0
2014,"meat indigenous, buffalo",0
2014,"meat indigenous, camel",0
2014,"meat indigenous, cattle",0
2014,"meat indigenous, chicken",0
2014,"meat indigenous, duck",0
2014,"meat indigenous, geese",0
2014,"meat indigenous, goat",0
2014,"meat indigenous, horse",0
2014,"meat indigenous, mule",0
2014,"meat indigenous, other camelids",0
2014,"meat indigenous, pig",0
2014,"meat indigenous, poultry",0
2014,"meat indigenous, rabbit",0
2014,"meat indigenous, rodents",0
2014,"meat indigenous, sheep",0
2014,"meat indigenous, total",3539654
2014,"meat indigenous, turkey",0
2014,"meat nes",1515506
2014,"meat, ass",212695
2014,"meat, bird nes",20761
2014,"meat, buffalo",4002020
2014,"meat, camel",533946
2014,"meat, cattle",64471317
2014,"meat, chicken",100437665
2014,"meat, duck",4362532
2014,"meat, game",2006395
2014,"meat, goat",5543929
2014,"meat, goose and guinea fowl",2594499
2014,"meat, horse",742917
2014,"meat, mule",52702
2014,"meat, other camelids",28654
2014,"meat, other rodents",18692
2014,"meat, pig",117055107
2014,"meat, poultry",113055821
2014,"meat, rabbit",1368935
2014,"meat, sheep",9173477
2014,"meat, total",319799867
2014,"meat, turkey",5640364
2014,"sheep and goat meat",14717407
2015,"beef and buffalo meat",67979125
2015,"meat indigenous, ass",0
2015,"meat indigenous, bird nes",0
2015,"meat indigenous, buffalo",0
2015,"meat indigenous, camel",0
2015,"meat indigenous, cattle",0
2015,"meat indigenous, chicken",0
2015,"meat indigenous, duck",0
2015,"meat indigenous, geese",0
2015,"meat indigenous, goat",0
2015,"meat indigenous, horse",0
2015,"meat indigenous, mule",0
2015,"meat indigenous, other camelids",0
2015,"meat indigenous, pig",0
2015,"meat indigenous, poultry",0
2015,"meat indigenous, rabbit",0
2015,"meat indigenous, rodents",0
2015,"meat indigenous, sheep",0
2015,"meat indigenous, total",3654256
2015,"meat indigenous, turkey",0
2015,"meat nes",1600020
2015,"meat, ass",213666
2015,"meat, bird nes",20411
2015,"meat, buffalo",4055510
2015,"meat, camel",547080
2015,"meat, cattle",63923615
2015,"meat, chicken",103740143
2015,"meat, duck",4297034
2015,"meat, game",2035624
2015,"meat, goat",5669013
2015,"meat, goose and guinea fowl",2545558
2015,"meat, horse",779518
2015,"meat, mule",53707
2015,"meat, other camelids",29752
2015,"meat, other rodents",18653
2015,"meat, pig",119407109
2015,"meat, poultry",116259109
2015,"meat, rabbit",1379146
2015,"meat, sheep",9437101
2015,"meat, total",325427235
2015,"meat, turkey",5655963
2015,"sheep and goat meat",15106114
2016,"beef and buffalo meat",68646597
2016,"meat indigenous, ass",0
2016,"meat indigenous, bird nes",0
2016,"meat indigenous, buffalo",0
2016,"meat indigenous, camel",0
2016,"meat indigenous, cattle",0
2016,"meat indigenous, chicken",0
2016,"meat indigenous, duck",0
2016,"meat indigenous, geese",0
2016,"meat indigenous, goat",0
2016,"meat indigenous, horse",0
2016,"meat indigenous, mule",0
2016,"meat indigenous, other camelids",0
2016,"meat indigenous, pig",0
2016,"meat indigenous, poultry",0
2016,"meat indigenous, rabbit",0
2016,"meat indigenous, rodents",0
2016,"meat indigenous, sheep",0
2016,"meat indigenous, total",3676366
2016,"meat indigenous, turkey",0
2016,"meat nes",1593376
2016,"meat, ass",210267
2016,"meat, bird nes",19533
2016,"meat, buffalo",4078593
2016,"meat, camel",547872
2016,"meat, cattle",64568004
2016,"meat, chicken",106638508
2016,"meat, duck",4417258
2016,"meat, game",2064219
2016,"meat, goat",5794581
2016,"meat, goose and guinea fowl",2626957
2016,"meat, horse",779079
2016,"meat, mule",44901
2016,"meat, other camelids",31243
2016,"meat, other rodents",18667
2016,"meat, pig",118956327
2016,"meat, poultry",119696789
2016,"meat, rabbit",1351721
2016,"meat, sheep",9567978
2016,"meat, total",329322389
2016,"meat, turkey",5994533
2016,"sheep and goat meat",15362559
2017,"beef and buffalo meat",69552871
2017,"meat indigenous, ass",0
2017,"meat indigenous, bird nes",0
2017,"meat indigenous, buffalo",0
2017,"meat indigenous, camel",0
2017,"meat indigenous, cattle",0
2017,"meat indigenous, chicken",0
2017,"meat indigenous, duck",0
2017,"meat indigenous, geese",0
2017,"meat indigenous, goat",0
2017,"meat indigenous, horse",0
2017,"meat indigenous, mule",0
2017,"meat indigenous, other camelids",0
2017,"meat indigenous, pig",0
2017,"meat indigenous, poultry",0
2017,"meat indigenous, rabbit",0
2017,"meat indigenous, rodents",0
2017,"meat indigenous, sheep",0
2017,"meat indigenous, total",3693916
2017,"meat indigenous, turkey",0
2017,"meat nes",1594690
2017,"meat, ass",213036
2017,"meat, bird nes",19573
2017,"meat, buffalo",4137317
2017,"meat, camel",563497
2017,"meat, cattle",65415554
2017,"meat, chicken",110237687
2017,"meat, duck",4334520
2017,"meat, game",2079973
2017,"meat, goat",5882486
2017,"meat, goose and guinea fowl",2715568
2017,"meat, horse",780128
2017,"meat, mule",53862
2017,"meat, other camelids",32381
2017,"meat, other rodents",18801
2017,"meat, pig",119929879
2017,"meat, poultry",123183515
2017,"meat, rabbit",1400149
2017,"meat, sheep",9532953
2017,"meat, total",334837475
2017,"meat, turkey",5876166
2017,"sheep and goat meat",15415440
2018,"beef and buffalo meat",71601312
2018,"meat indigenous, ass",0
2018,"meat indigenous, bird nes",0
2018,"meat indigenous, buffalo",0
2018,"meat indigenous, camel",0
2018,"meat indigenous, cattle",0
2018,"meat indigenous, chicken",0
2018,"meat indigenous, duck",0
2018,"meat indigenous, geese",0
2018,"meat indigenous, goat",0
2018,"meat indigenous, horse",0
2018,"meat indigenous, mule",0
2018,"meat indigenous, other camelids",0
2018,"meat indigenous, pig",0
2018,"meat indigenous, poultry",0
2018,"meat indigenous, rabbit",0
2018,"meat indigenous, rodents",0
2018,"meat indigenous, sheep",0
2018,"meat indigenous, total",3783441
2018,"meat indigenous, turkey",0
2018,"meat nes",1658701
2018,"meat, ass",216619
2018,"meat, bird nes",19345
2018,"meat, buffalo",4247413
2018,"meat, camel",557432
2018,"meat, cattle",67353900
2018,"meat, chicken",114266750
2018,"meat, duck",4464925
2018,"meat, game",2105021
2018,"meat, goat",5977020
2018,"meat, goose and guinea fowl",2646233
2018,"meat, horse",791991
2018,"meat, mule",54250
2018,"meat, other camelids",33309
2018,"meat, other rodents",18840
2018,"meat, pig",120881269
2018,"meat, poultry",127298325
2018,"meat, rabbit",1393899
2018,"meat, sheep",9788315
2018,"meat, total",342396020
2018,"meat, turkey",5901071
2018,"sheep and goat meat",15765334
